{
  "best_model": "GradientBoosting",
  "metrics": {
    "mae": 4647.33050125747,
    "mse": 100785998.02082549,
    "rmse": 10039.222978937438,
    "r2": 0.9428304402004672
  }
}